primerId;sequence
P1;ttagttttgc tggccgcatc
P2;atgtcgaaag ctacatataa ggaacgtg
P3;ATGCGGATCCATGGTGTCTAAGGGCGAAGAG
P4;ATGCGAATTCTTACTTGTACAGCTCGTCCATGC
P5;CGTGGCAATTCGTCGCA
P6;TTGGCAGCTGAGACCTATAAACG
P7;TCTCACCAAACCAGATGTCAACA
P8;CGTCATCTATTCACTCACTTGGC
P9;GCGCGATAGGAGCACTCA
P10;TGAGCACCACTGACGAGCA
P11;CGTGGCAATTCGTCGCA
P12;TTGGCAGCTGAGACCTATAAACG
P13;GGA AAG AGT GAG GAA CTA TCG C
P14;GTA GAT AAT TAC TTC CTT GAT GAT CTG
P15;GAA TTA TTC ACT GGT GTT GTC CC
P16;TTG GAC TAG AAG GCT TAA TCA AAA G
P17;TGT GGA GTG TTT GCT TGG
P18;TGT GAC CAT TAA CAT CAC CAT C
P19;CTC CGG TGA AGG TGA AGG TG
P20;GTA GCA GTA CTT CAA CCA TTA GTG
P21;CAA CAG GGA GTT CTT CAG AG
P22;CTT GAT TAA CTC CTC TCC TTT GG
P23;GAG GGC TCC GTT AAT GG
P24;GTT CTC GCC ATA ACT TTT AAA CAG TG
P25;GCATCGTCTCATCGGTCTCAAACGccattattatcatgacattaaccta
P26;ATGCCGTCTCAGGTCTCACATatattaatttagtgtgtgtatttgtg
P27;GCATCGTCTCATCGGTCTCAAACGaagcttGGGAGATCTTCGCTAGCCT
P28;ATGCCGTCTCAGGTCTCACATaTTTGTTttaattaaTGTATTTGTGT
P29;TTA CGG TTC CTG GCC TTT TG
P30;GAG ATA GGT GCC TCA CTG ATT AAG
